filename,width,height,class,xmin,ymin,xmax,ymax
/project/train/src_repo/dataset/images/train/mouse20191207_1388.jpg,1920,1080,rat,347,569,416,616
/project/train/src_repo/dataset/images/train/rat_Date20191218_973.jpg,1280,720,rat,477,242,505,270
/project/train/src_repo/dataset/images/train/CHTXrat20200526_1363.jpg,704,576,rat,456,276,475,293
/project/train/src_repo/dataset/images/train/rat20191028_1732.jpg,1280,720,rat,1058,213,1071,238
/project/train/src_repo/dataset/images/train/rat20191028_1732.jpg,1280,720,rat,1166,145,1182,159
/project/train/src_repo/dataset/images/train/rat_Date20191218_2989.jpg,1280,720,rat,432,228,462,262
/project/train/src_repo/dataset/images/train/rat_Date20191218_2989.jpg,1280,720,rat,239,439,288,464
/project/train/src_repo/dataset/images/train/CHTXrat20200526_886.jpg,704,576,rat,460,273,475,289
/project/train/src_repo/dataset/images/train/CHTXrat20200526_886.jpg,704,576,rat,600,203,614,221
/project/train/src_repo/dataset/images/train/rat20191123_418.jpg,1280,720,rat,884,283,899,301
/project/train/src_repo/dataset/images/train/mouse20191207_1188.jpg,1920,1080,rat,900,672,933,693
/project/train/src_repo/dataset/images/train/rat20191123_3151.jpg,1920,1080,rat,525,596,555,641
/project/train/src_repo/dataset/images/train/rat20191123_3151.jpg,1920,1080,rat,792,419,828,460
/project/train/src_repo/dataset/images/train/rat20191111_335.jpg,1280,720,rat,414,224,482,253
/project/train/src_repo/dataset/images/train/rat_Date20191218_245.jpg,1280,720,rat,512,260,535,280
/project/train/src_repo/dataset/images/train/rat20191123_3873.jpg,2304,1296,rat,695,154,759,224
/project/train/src_repo/dataset/images/train/rat20191123_3873.jpg,2304,1296,rat,566,582,658,647
/project/train/src_repo/dataset/images/train/rat20191123_4729.jpg,2304,1296,rat,566,607,628,663
/project/train/src_repo/dataset/images/train/rat20191123_4729.jpg,2304,1296,rat,158,828,248,895
/project/train/src_repo/dataset/images/train/rat20191111_883.jpg,1280,720,rat,648,209,696,230
/project/train/src_repo/dataset/images/train/rat_Date20191218_4785.jpg,1920,1080,rat,1106,609,1136,634
/project/train/src_repo/dataset/images/train/mouse20191207_986.jpg,1920,1080,rat,972,359,1006,382
/project/train/src_repo/dataset/images/train/rat_Date20191218_1726.jpg,1280,720,rat,510,204,563,239
/project/train/src_repo/dataset/images/train/rat_Date20191218_5950.jpg,1280,720,rat,936,39,986,62
/project/train/src_repo/dataset/images/train/CHTXrat20200526_2656.jpg,704,576,rat,210,515,224,528
/project/train/src_repo/dataset/images/train/rat_Date20191218_5682.jpg,1280,720,rat,303,455,363,484
/project/train/src_repo/dataset/images/train/rat_Date20191218_5682.jpg,1280,720,rat,904,47,951,74
/project/train/src_repo/dataset/images/train/CHTXrat20200526_1543.jpg,704,576,rat,459,275,475,292
/project/train/src_repo/dataset/images/train/CHTXrat20200526_1543.jpg,704,576,rat,589,265,600,287
/project/train/src_repo/dataset/images/train/CHTXrat20200526_2015.jpg,704,576,rat,456,271,471,292
/project/train/src_repo/dataset/images/train/CHTXrat20200526_2015.jpg,704,576,rat,654,447,668,461
/project/train/src_repo/dataset/images/train/CHTXrat20200526_2480.jpg,704,576,rat,166,476,188,491
/project/train/src_repo/dataset/images/train/rat_Date20191218_4168.jpg,1280,720,rat,435,360,486,398
/project/train/src_repo/dataset/images/train/rat_Date20191218_3886.jpg,1280,720,rat,788,352,830,391
/project/train/src_repo/dataset/images/train/rat20191028_750.jpg,1280,720,rat,1077,196,1097,215
/project/train/src_repo/dataset/images/train/CHTXrat20200526_1187.jpg,704,576,rat,514,241,535,255
/project/train/src_repo/dataset/images/train/CHTXrat20200526_1187.jpg,704,576,rat,400,301,421,318
/project/train/src_repo/dataset/images/train/rat_Date20191218_1905.jpg,1280,720,rat,838,358,880,385
/project/train/src_repo/dataset/images/train/CHTXrat20200526_705.jpg,704,576,rat,396,306,408,326
/project/train/src_repo/dataset/images/train/CHTXrat20200526_705.jpg,704,576,rat,462,272,473,292
/project/train/src_repo/dataset/images/train/rat20191123_2631.jpg,1920,1080,rat,1028,608,1096,648
/project/train/src_repo/dataset/images/train/rat20191114_646.jpg,1280,960,rat,597,510,991,829
/project/train/src_repo/dataset/images/train/rat20191114_646.jpg,1280,960,rat,24,734,236,960
/project/train/src_repo/dataset/images/train/rat20191123_510.jpg,1280,720,rat,723,499,765,580
/project/train/src_repo/dataset/images/train/rat20191114_82.jpg,1280,960,rat,587,622,1280,955
/project/train/src_repo/dataset/images/train/rat20191111_695.jpg,1280,720,rat,391,235,455,275
/project/train/src_repo/dataset/images/train/CHTXrat20200526_1906.jpg,704,576,rat,456,272,471,292
/project/train/src_repo/dataset/images/train/CHTXrat20200526_1906.jpg,704,576,rat,587,267,603,286
/project/train/src_repo/dataset/images/train/CHTXrat20200526_2835.jpg,704,576,rat,199,519,212,532
/project/train/src_repo/dataset/images/train/CHTXrat20200526_2835.jpg,704,576,rat,224,263,240,280
/project/train/src_repo/dataset/images/train/rat20191123_2191.jpg,1920,1080,rat,1135,619,1214,650
/project/train/src_repo/dataset/images/train/mouse20191207_1904.jpg,1280,720,rat,397,203,412,217
/project/train/src_repo/dataset/images/train/rat20191123_5864.jpg,1280,720,rat,795,451,826,479
/project/train/src_repo/dataset/images/train/rat_Date20191218_5861.jpg,1280,720,rat,621,341,657,383
/project/train/src_repo/dataset/images/train/rat_Date20191218_5861.jpg,1280,720,rat,880,47,942,68
/project/train/src_repo/dataset/images/train/rat20191028_573.jpg,1280,720,rat,994,44,1027,69
/project/train/src_repo/dataset/images/train/rat_Date20191218_2809.jpg,1280,720,rat,653,208,698,228
/project/train/src_repo/dataset/images/train/rat_Date20191218_5143.jpg,1920,1080,rat,565,432,649,483
/project/train/src_repo/dataset/images/train/rat20191123_5483.jpg,1280,720,rat,647,576,707,614
/project/train/src_repo/dataset/images/train/mouse20191207_808.jpg,1920,1080,rat,691,527,721,562
/project/train/src_repo/dataset/images/train/rat20191028_1183.jpg,1280,720,rat,1050,137,1074,170
/project/train/src_repo/dataset/images/train/rat20191028_1183.jpg,1280,720,rat,1078,198,1096,206
/project/train/src_repo/dataset/images/train/rat_Date20191218_1367.jpg,1280,720,rat,241,292,269,324
/project/train/src_repo/dataset/images/train/CHTXrat20200526_3013.jpg,704,576,rat,218,506,234,520
/project/train/src_repo/dataset/images/train/CHTXrat20200526_3013.jpg,704,576,rat,223,258,236,271
/project/train/src_repo/dataset/images/train/rat20191123_1930.jpg,1920,1080,rat,801,401,849,446
/project/train/src_repo/dataset/images/train/rat20191123_1930.jpg,1920,1080,rat,878,421,939,459
/project/train/src_repo/dataset/images/train/rat20191123_1930.jpg,1920,1080,rat,872,818,968,879
/project/train/src_repo/dataset/images/train/rat20191111_522.jpg,1280,720,rat,258,288,323,315
/project/train/src_repo/dataset/images/train/rat20191028_934.jpg,1280,720,rat,1133,52,1145,67
/project/train/src_repo/dataset/images/train/rat_Date20191218_3526.jpg,1280,720,rat,286,200,339,239
/project/train/src_repo/dataset/images/train/rat_Date20191218_5322.jpg,1920,1080,rat,879,672,930,701
/project/train/src_repo/dataset/images/train/mouse20191207_17.jpg,1280,720,rat,654,360,675,376
/project/train/src_repo/dataset/images/train/mouse20191207_30.jpg,1280,720,rat,745,372,780,400
/project/train/src_repo/dataset/images/train/rat_Date20191218_2250.jpg,1280,720,rat,249,429,273,463
/project/train/src_repo/dataset/images/train/CHTXrat20200526_1724.jpg,704,576,rat,456,273,472,293
/project/train/src_repo/dataset/images/train/CHTXrat20200526_1724.jpg,704,576,rat,588,265,602,286
/project/train/src_repo/dataset/images/train/rat_Date20191218_1546.jpg,1280,720,rat,690,167,716,216
/project/train/src_repo/dataset/images/train/rat20191123_4516.jpg,2304,1296,rat,146,810,201,907
/project/train/src_repo/dataset/images/train/rat20191123_504.jpg,1280,720,rat,720,499,766,578
/project/train/src_repo/dataset/images/train/rat_Date20191218_5501.jpg,1280,720,rat,669,210,697,230
/project/train/src_repo/dataset/images/train/mouse20191207_43.jpg,1280,720,rat,750,375,778,395
/project/train/src_repo/dataset/images/train/rat_Date20191218_4064.jpg,1280,720,rat,221,297,257,329
/project/train/src_repo/dataset/images/train/rat20191123_858.jpg,1280,720,rat,883,505,936,558
/project/train/src_repo/dataset/images/train/rat20191123_408.jpg,1280,720,rat,716,408,746,438
/project/train/src_repo/dataset/images/train/rat20191028_2337.jpg,1280,720,rat,111,286,145,358
/project/train/src_repo/dataset/images/train/rat20191028_2337.jpg,1280,720,rat,668,320,694,367
/project/train/src_repo/dataset/images/train/rat20191123_6057.jpg,1920,1080,rat,1765,564,1813,598
/project/train/src_repo/dataset/images/train/rat20191123_6057.jpg,1920,1080,rat,528,475,565,511
/project/train/src_repo/dataset/images/train/rat20191123_6057.jpg,1920,1080,rat,643,530,684,564
/project/train/src_repo/dataset/images/train/rat20191114_102.jpg,1280,960,rat,301,300,899,753
/project/train/src_repo/dataset/images/train/rat20191114_102.jpg,1280,960,rat,3,1,151,112
/project/train/src_repo/dataset/images/train/rat20191123_4149.jpg,2304,1296,rat,303,577,350,613
/project/train/src_repo/dataset/images/train/rat20191028_1456.jpg,1280,720,rat,1083,204,1110,218
/project/train/src_repo/dataset/images/train/rat_Date20191218_1188.jpg,1280,720,rat,335,268,398,303
/project/train/src_repo/dataset/images/train/rat20191114_466.jpg,1280,960,rat,244,802,496,960
/project/train/src_repo/dataset/images/train/rat_Date20191218_4426.jpg,1280,720,rat,4,133,125,181
/project/train/src_repo/dataset/images/train/rat_Date20191218_794.jpg,1280,720,rat,481,244,505,272
/project/train/src_repo/dataset/images/train/rat_Date20191218_263.jpg,1280,720,rat,500,263,523,287
/project/train/src_repo/dataset/images/train/rat_Date20191218_3705.jpg,1280,720,rat,326,224,363,259
/project/train/src_repo/dataset/images/train/CHTXrat20200526_529.jpg,704,576,rat,354,293,371,314
/project/train/src_repo/dataset/images/train/CHTXrat20200526_529.jpg,704,576,rat,449,273,467,291
/project/train/src_repo/dataset/images/train/rat_Date20191218_4605.jpg,1280,720,rat,762,257,784,275
/project/train/src_repo/dataset/images/train/mouse20191207_42.jpg,1280,720,rat,743,373,773,393
