<?xml version='1.0' encoding='us-ascii'?>
<annotation>
  <source>
    <database>Unknown</database>
    <annotation>Unknown</annotation>
    <image>Unknown</image>
  </source>
  <size>
    <width>704</width>
    <height>576</height>
    <depth>3</depth>
  </size>
  <segmented>0</segmented>
  <object>
    <name>rat</name>
    <bndbox>
      <xmin>354</xmin>
      <ymin>293</ymin>
      <xmax>371</xmax>
      <ymax>314</ymax>
    </bndbox>
  </object>
  <object>
    <name>rat</name>
    <bndbox>
      <xmin>449</xmin>
      <ymin>273</ymin>
      <xmax>467</xmax>
      <ymax>291</ymax>
    </bndbox>
  </object>
</annotation>