<?xml version='1.0' encoding='us-ascii'?>
<annotation>
  <source>
    <database>Unknown</database>
    <annotation>Unknown</annotation>
    <image>Unknown</image>
  </source>
  <size>
    <width>704</width>
    <height>576</height>
    <depth>3</depth>
  </size>
  <segmented>0</segmented>
  <object>
    <name>rat</name>
    <bndbox>
      <xmin>199</xmin>
      <ymin>519</ymin>
      <xmax>212</xmax>
      <ymax>532</ymax>
    </bndbox>
  </object>
  <object>
    <name>rat</name>
    <bndbox>
      <xmin>224</xmin>
      <ymin>263</ymin>
      <xmax>240</xmax>
      <ymax>280</ymax>
    </bndbox>
  </object>
</annotation>