<?xml version='1.0' encoding='us-ascii'?>
<annotation>
  <source>
    <database>Unknown</database>
    <annotation>Unknown</annotation>
    <image>Unknown</image>
  </source>
  <size>
    <width>704</width>
    <height>576</height>
    <depth>3</depth>
  </size>
  <segmented>0</segmented>
  <object>
    <name>rat</name>
    <bndbox>
      <xmin>218</xmin>
      <ymin>506</ymin>
      <xmax>234</xmax>
      <ymax>520</ymax>
    </bndbox>
  </object>
  <object>
    <name>rat</name>
    <bndbox>
      <xmin>223</xmin>
      <ymin>258</ymin>
      <xmax>236</xmax>
      <ymax>271</ymax>
    </bndbox>
  </object>
</annotation>