<?xml version='1.0' encoding='us-ascii'?>
<annotation>
  <source>
    <database>Unknown</database>
    <annotation>Unknown</annotation>
    <image>Unknown</image>
  </source>
  <size>
    <width>704</width>
    <height>576</height>
    <depth>3</depth>
  </size>
  <segmented>0</segmented>
  <object>
    <name>rat</name>
    <bndbox>
      <xmin>460</xmin>
      <ymin>273</ymin>
      <xmax>475</xmax>
      <ymax>289</ymax>
    </bndbox>
  </object>
  <object>
    <name>rat</name>
    <bndbox>
      <xmin>600</xmin>
      <ymin>203</ymin>
      <xmax>614</xmax>
      <ymax>221</ymax>
    </bndbox>
  </object>
</annotation>