<?xml version='1.0' encoding='us-ascii'?>
<annotation>
  <source>
    <database>Unknown</database>
    <annotation>Unknown</annotation>
    <image>Unknown</image>
  </source>
  <size>
    <width>704</width>
    <height>576</height>
    <depth>3</depth>
  </size>
  <segmented>0</segmented>
  <object>
    <name>rat</name>
    <bndbox>
      <xmin>514</xmin>
      <ymin>241</ymin>
      <xmax>535</xmax>
      <ymax>255</ymax>
    </bndbox>
  </object>
  <object>
    <name>rat</name>
    <bndbox>
      <xmin>400</xmin>
      <ymin>301</ymin>
      <xmax>421</xmax>
      <ymax>318</ymax>
    </bndbox>
  </object>
</annotation>