<?xml version='1.0' encoding='us-ascii'?>
<annotation>
  <source>
    <database>Unknown</database>
    <annotation>Unknown</annotation>
    <image>Unknown</image>
  </source>
  <size>
    <width>704</width>
    <height>576</height>
    <depth>3</depth>
  </size>
  <segmented>0</segmented>
  <object>
    <name>rat</name>
    <bndbox>
      <xmin>456</xmin>
      <ymin>272</ymin>
      <xmax>471</xmax>
      <ymax>292</ymax>
    </bndbox>
  </object>
  <object>
    <name>rat</name>
    <bndbox>
      <xmin>587</xmin>
      <ymin>267</ymin>
      <xmax>603</xmax>
      <ymax>286</ymax>
    </bndbox>
  </object>
</annotation>