<?xml version='1.0' encoding='us-ascii'?>
<annotation>
  <source>
    <database>Unknown</database>
    <annotation>Unknown</annotation>
    <image>Unknown</image>
  </source>
  <size>
    <width>704</width>
    <height>576</height>
    <depth>3</depth>
  </size>
  <segmented>0</segmented>
  <object>
    <name>rat</name>
    <bndbox>
      <xmin>459</xmin>
      <ymin>275</ymin>
      <xmax>475</xmax>
      <ymax>292</ymax>
    </bndbox>
  </object>
  <object>
    <name>rat</name>
    <bndbox>
      <xmin>589</xmin>
      <ymin>265</ymin>
      <xmax>600</xmax>
      <ymax>287</ymax>
    </bndbox>
  </object>
</annotation>