<?xml version='1.0' encoding='us-ascii'?>
<annotation>
	<source>
		<database>Unknown</database>
	</source>
	<size>
		<width>2304</width>
		<height>1296</height>
		<depth>1</depth>
	</size>
	<segmented>0</segmented>
	<object>
		<name>rat</name>
		<pose>Unspecified</pose>
		<truncated>0</truncated>
		<difficult>0</difficult>
		<bndbox>
			<xmin>566</xmin>
			<ymin>607</ymin>
			<xmax>628</xmax>
			<ymax>663</ymax>
		</bndbox>
	</object>
	<object>
		<name>rat</name>
		<pose>Unspecified</pose>
		<truncated>0</truncated>
		<difficult>0</difficult>
		<bndbox>
			<xmin>158</xmin>
			<ymin>828</ymin>
			<xmax>248</xmax>
			<ymax>895</ymax>
		</bndbox>
	</object>
</annotation>