<?xml version='1.0' encoding='us-ascii'?>
<annotation>
	<source>
		<database>Unknown</database>
	</source>
	<size>
		<width>1280</width>
		<height>960</height>
		<depth>1</depth>
	</size>
	<segmented>0</segmented>
	<object>
		<name>rat</name>
		<pose>Unspecified</pose>
		<truncated>0</truncated>
		<difficult>0</difficult>
		<bndbox>
			<xmin>597</xmin>
			<ymin>510</ymin>
			<xmax>991</xmax>
			<ymax>829</ymax>
		</bndbox>
	</object>
	<object>
		<name>rat</name>
		<pose>Unspecified</pose>
		<truncated>1</truncated>
		<difficult>0</difficult>
		<bndbox>
			<xmin>24</xmin>
			<ymin>734</ymin>
			<xmax>236</xmax>
			<ymax>960</ymax>
		</bndbox>
	</object>
</annotation>